{
  "orientation": "Vertical",
  "nodeLayouts": {
    "inputs": {
      "x": 187,
      "y": 62,
      "index": -1
    },
    "outputs": {
      "x": 362,
      "y": 612,
      "index": -1
    },
    "google_search": {
      "x": 12,
      "y": 172,
      "height": 75,
      "index": 0
    },
    "beautifulsoup": {
      "x": 12,
      "y": 282,
      "height": 75,
      "index": 1
    },
    "LLM_Node": {
      "x": 12,
      "y": 392,
      "height": 75,
      "index": 2
    },
    "Final_Version_Node": {
      "x": 362,
      "y": 502,
      "height": 75,
      "index": 3
    },
    "test": {
      "x": -133.3333740234375,
      "y": 556.666748046875,
      "height": 75,
      "index": 4
    }
  },
  "viewport": {
    "transformMatrix": [
      1,
      0,
      0,
      1,
      562.9583740234375,
      -217.166748046875
    ]
  }
}