{
  "nodes": {
    "google_search": {
      "variant_0": {
        "inputs": {},
        "inputsValue": {}
      }
    },
    "beautifulsoup": {
      "variant_0": {
        "inputs": {},
        "inputsValue": {}
      }
    },
    "LLM_Node": {
      "variant_0": {
        "inputs": {},
        "inputsValue": {}
      }
    },
    "Final_Version_Node": {
      "variant_0": {
        "inputs": {},
        "inputsValue": {}
      }
    },
    "test": {
      "variant_0": {
        "inputs": {},
        "inputsValue": {}
      }
    }
  }
}