{
  "package": {},
  "code": {
    "echo.py": {
      "name": "echo.py",
      "type": "python",
      "inputs": {
        "query": {
          "type": [
            "string"
          ],
          "allow_manual_entry": false,
          "is_multi_select": false,
          "input_type": "default",
          "value": "${inputs.InputURL}",
          "id": "p4uhmxsn"
        }
      },
      "source": "echo.py",
      "function": "google_search_node",
      "is_builtin": false,
      "enable_kwargs": false,
      "tool_state": "stable",
      "toolId": "echo.py"
    },
    "crwal4ai.py": {
      "name": "crwal4ai.py",
      "type": "python",
      "inputs": {
        "item": {
          "type": [
            "object"
          ],
          "allow_manual_entry": false,
          "is_multi_select": false,
          "input_type": "default",
          "value": "${google_search.output}",
          "id": "mlze5nsm"
        }
      },
      "source": "crwal4ai.py",
      "function": "crawl_url",
      "is_builtin": false,
      "enable_kwargs": false,
      "tool_state": "stable",
      "toolId": "crwal4ai.py"
    },
    "LLM_Node.py": {
      "name": "LLM_Node.py",
      "type": "python",
      "inputs": {
        "input1": {
          "type": [
            "object"
          ],
          "allow_manual_entry": false,
          "is_multi_select": false,
          "input_type": "default",
          "value": "${beautifulsoup.output}",
          "id": "i384a0k5"
        }
      },
      "description": "Processes all items together to generate one synthesized answer.",
      "source": "LLM_Node.py",
      "function": "analyze_with_azure_openai",
      "is_builtin": false,
      "enable_kwargs": false,
      "tool_state": "stable",
      "toolId": "LLM_Node.py"
    },
    "Final_Version_Node.py": {
      "name": "Final_Version_Node.py",
      "type": "python",
      "inputs": {
        "llm_output": {
          "type": [
            "list"
          ],
          "allow_manual_entry": false,
          "is_multi_select": false,
          "input_type": "default",
          "value": "${LLM_Node.output.llm_analysis}",
          "id": "qfw2v1tj"
        },
        "user_query": {
          "type": [
            "string"
          ],
          "allow_manual_entry": false,
          "is_multi_select": false,
          "input_type": "default",
          "value": "${inputs.InputURL}",
          "id": "jo6g5x0y"
        }
      },
      "description": "Beautifies and restructures an article for web display.\nllm_output: Should be the full output list from the previous node.",
      "source": "Final_Version_Node.py",
      "function": "beautify_article_llm",
      "is_builtin": false,
      "enable_kwargs": false,
      "tool_state": "stable",
      "toolId": "Final_Version_Node.py"
    },
    "test.py": {
      "name": "test.py",
      "inputs": {
        "input1": {
          "type": [
            "string"
          ]
        }
      },
      "type": "python",
      "function": "my_python_tool",
      "toolId": "test.py",
      "description": {
        "aml": "Run Python code. For more details, refer to [this document](https://aka.ms/promptflow/python-tool)",
        "ai_studio": "Run Python code. For more details, refer to [this document](https://aka.ms/aistudio/pf/python-tool)"
      }
    }
  }
}